scenario,peak_exceed_count,avg_ramp,risky_ramp,load_deficit_sum,ESS_throughput_kwh,SOC_violation_count
Reactive EMS (actual trigger),163,0.006101487018704312,163,1.6569120203855396,0.04602533389959833,0
Proactive EMS (shift trigger),163,0.006101497190083057,163,1.6572733135700002,0.046025333899598335,0
